[{"id":"user-image-WhitePresidency-University-Logo_madhu_16-04-21-01.png","publicUrl":"np://user.desktop.nicepage.com/Site_18603677/images/WhitePresidency-University-Logo_madhu_16-04-21-01.png","size":21283,"fileName":"WhitePresidency-University-Logo_madhu_16-04-21-01.png","name":"WhitePresidency-University-Logo_madhu_16-04-21-01","width":2055,"height":600,"thumbnail":{"url":"np://user.desktop.nicepage.com/Site_18603677/images/thumbnails/WhitePresidency-University-Logo_madhu_16-04-21-01.png","width":250,"height":73},"usages":[]}]