[{"id":"user-image-WhitePresidency-University-Logo_madhu_16-04-21-01.png","publicUrl":"np://user.desktop.nicepage.com/Site_585927944/images/WhitePresidency-University-Logo_madhu_16-04-21-01.png","size":21283,"hash":"igb3Fuzjao/M3npk3oBdkkZuDyE=","fileName":"WhitePresidency-University-Logo_madhu_16-04-21-01.png","name":"WhitePresidency-University-Logo_madhu_16-04-21-01","width":2055,"height":600,"thumbnail":{"url":"np://user.desktop.nicepage.com/Site_585927944/images/thumbnails/WhitePresidency-University-Logo_madhu_16-04-21-01.png","width":250,"height":73},"usages":[]}]